code,4/29/2021,,,,SHA,ban
AGM,1,,,,HSL,
APG,1,,,,ITD,
BFC,1,,,,KHP,
BMC,1,,,,AGM,
BRC,,,,,BMC,
CMX,,,,,EVE,
COM,,,,,HMC,
DBT,,,,,PGC,
DMC,1,,,,SBV,
DQC,1,,,,BFC,
DTL,,,,,DPG,ban
EVE,1,,,,NTL,
HMC,1,,,,SFI,
HSL,1,,,,APG,mua
ITC,,,,,DMC,mua
ITD,1,,,,DQC,mua
KHP,1,,,,,
NBB,,,,,,
NTL,1,,,,,
PGC,1,,,,,
PIT,,,,,,
PNC,,,,,,
SBV,1,,,,,
SFI,1,,,,,
SHA,,,,,,
SPM,,,,,,
ST8,,,,,,
STG,,,,,,
TCR,,,,,,
TDG,,,,,,
TDH,,,,,,
THI,,,,,,
VAF,,,,,,
VCA,,,,,,
VPS,,,,,,
VTB,,,,,,
VTO,,,,,,
YBM,,,,,,
