date,AAA,AAM,ABS,ABT,ACB,ACC,ACL,ADS,AGG,AGM,AGR,AMD,ANV,APC,APG,APH,ASG,ASM,ASP,AST,ATG,BBC,BCE,BCG,BCM,BFC,BHN,BIC,BID,BMC,BMI,BMP,BRC,BSI,BTP,BTT,BVH,BWE,C32,C47,CAV,CCI,CCL,CDC,CEE,CHP,CIG,CII,CKG,CLC,CLG,CLL,CLW,CMG,CMV,CMX,CNG,COM,CRC,CRE,CSM,CSV,CTD,CTF,CTG,CTI,CTS,CVT,D2D,DAG,DAH,DAT,DBC,DBD,DBT,DC4,DCL,DCM,DGC,DGW,DHA,DHC,DHG,DHM,DIG,DLG,DMC,DPG,DPM,DPR,DQC,DRC,DRH,DRL,DSN,DTA,DTL,DTT,DVP,DXG,DXV,EIB,ELC,EMC,EVE,EVG,FCM,FCN,FDC,FIR,FIT,FLC,FMC,FPT,FRT,FTM,FTS,GAB,GAS,GDT,GEG,GEX,GIL,GMC,GMD,GSP,GTA,GTN,GVR,HAG,HAH,HAI,HAP,HAR,HAS,HAX,HBC,HCD,HCM,HDB,HDC,HDG,HHS,HID,HII,HMC,HNG,HOT,HPG,HPX,HQC,HRC,HSG,HSL,HT1,HTI,HTL,HTN,HTV,HU1,HU3,HUB,HVH,HVN,HVX,IBC,ICT,IDI,IJC,ILB,IMP,ITA,ITC,ITD,JVC,KBC,KDC,KDH,KHP,KMR,KOS,KPF,KSB,L10,LAF,LBM,LCG,LCM,LDG,LEC,LGC,LGL,LHG,LIX,LM8,LPB,LSS,MBB,MCG,MCP,MDG,MHC,MIG,MSB,MSH,MSN,MWG,NAF,NAV,NBB,NCT,NHA,NHH,NKG,NLG,NNC,NSC,NT2,NTL,NVL,NVT,OGC,OPC,PAC,PAN,PC1,PDN,PDR,PET,PGC,PGD,PGI,PHC,PHR,PIT,PJT,PLP,PLX,PME,PMG,PNC,PNJ,POM,POW,PPC,PSH,PTB,PTC,PTL,PVD,PVT,PXI,PXS,PXT,QBS,QCG,RAL,RDP,REE,RIC,ROS,S4A,SAB,SAM,SAV,SBA,SBT,SBV,SC5,SCD,SCR,SCS,SFC,SFG,SFI,SGN,SGR,SGT,SHA,SHI,SHP,SII,SJD,SJF,SJS,SKG,SMA,SMB,SMC,SPM,SRC,SRF,SSC,SSI,ST8,STB,STG,STK,SVC,SVI,SVT,SZC,SZL,TAC,TBC,TCB,TCD,TCH,TCL,TCM,TCO,TCR,TCT,TDC,TDG,TDH,TDM,TDP,TDW,TEG,TGG,THG,THI,TIP,TIX,TLD,TLG,TLH,TMP,TMS,TMT,TN1,TNA,TNC,TNI,TNT,TPB,TPC,TRA,TRC,TS4,TSC,TTA,TTB,TTE,TTF,TV2,TVB,TVS,TVT,TYA,UDC,UIC,VAF,VCB,VCF,VCG,VCI,VDP,VDS,VFG,VGC,VHC,VHM,VIB,VIC,VID,VIP,VIS,VIX,VJC,VMD,VND,VNE,VNG,VNL,VNM,VNS,VOS,VPB,VPD,VPG,VPH,VPI,VPS,VRC,VRE,VSC,VSH,VSI,VTB,VTO,YBM,YEG,avgProfit,cumulative,numHolding
2015-01-30,,,,,,,,,,,,,,,,,,,,,,,,,,,,,,,,,,,,,,,,,,,,,,,,,,,,,,,,,,,,,,,,,,,,,,,,,,,,,,,,,,,,,,,,,,,,,,,,,,,,,,,,,,,,,,,,,,,,,,,,,,,,,,,,,,,,,,,,,,,,,,,,,,,,,,,,,,,,,,,,,,,,,,,,,,,,,,,,,,,,,,,,,,,,,,,,,,,,,,,,,,,,,,,,,,,,,,,,,,,,,,,,,,,,,,,,,,,,,,,,,,,,,,,,,,,,,,,,,,,,,,,,,,,,,,,,,,,,,,,,,,,,,,,,,,,,,,,,,,,,,,,,,,,,,,,,,,,,,,,,,,,,,,,,,,,,,,,,,,,,,,,,,,,,,,,,,,,,,,,,,,,,,,,,,,,,,,,,,,,,,,,,,,,,,,,,,,,,,0
2015-02-27,,,,,,,,,,,,,,,,,,,,,,,,,,,,,,,,,,,,,,,,,,,,,,,,,,,,,,,,,,,,,,,,,,,,,,,,,,,,,-0.01461038961038963,,,,,,,,,,,,,,,,,,,,,,,,,,,,,,,,,,,,,,,,,,,,,,,,,,,,,,,,,,,0.0,,,,,,,,,,,,,-0.013586956521739246,,,,-0.09506618531889299,,,,,,,,,,,,,,,,,,,,,0.0981308411214954,,,,,,,,,0.031161473087818692,,,,,,,,,,,,,,,,,,,,,,,,,,,,,,,,,,,,,,,,,,,,,,,,,,,,,,,,,,,,,,,,,,,,,,,,,,,,,,,,,,,,,,,,,,,,,,,,0.012158054711246313,,,,,,,,,,,,,,,,-0.019363762102351356,,0.13360323886639658,,,,,,,,,,,,,,,,,,,,,,,,,,,,,,,,,,,,-0.10176125244618406,,,,,,,,,,,,,,0.08353808353808345,,-0.008620689655172376,,,,,,,,,,,,0.021178027796161514,,,,,,,,,,,,,,,,,,,,,,,,,,,,,,-0.008241758241758323,,,,0.008465623230336712,1.0084656232303366,16
2015-03-31,,,,,,,,,,,,,,,,,,,,,,,,,,,,,,,,,,,,,,,,,,,,,,,,,,0.10792079207920802,,,,,,,,,,,,,,,,,,,,,,,,,,,-0.012355848434925876,,,,,,,,,,,,,,,,,,,,,,,,,,,,,,,,,,,,,,,,,,,,,,,,,,,,,,,,,,,0.07665505226480818,,,,,,,,,,,,,-0.06473829201101922,,,,-0.12101063829787229,,,,,,,,,,,,,,,,,,,,,0.14255319148936163,,,,,,,,,-0.013736263736263798,,,,,,,,,,,,,,,,,,,,,,,,,,,,,,,,,,,,,,,,,0.09550561797752799,,,,,,,,,,,,,,,,,,,,,,,,,,,,,,,,,,,,,,,,,,,,,,,,,,,,,,,0.054054054054053946,,,,,,,,,,,,,,,,0.08321579689703795,,-0.13571428571428568,,,,,,,,,,,,,,,,,,,,,,,,,,,,,,,,,,,,0.0,,,,,,,,,,,,,,0.11564625850340127,,0.01739130434782621,,,,,,,,,,,,0.021386908619572376,,,,,,,,,,,,,,,,,,,,,,,,,,,,,,,,,,0.02445157653589538,1.0331241976005727,17
2015-04-27,,,,,,,,,,,,,-0.08923884514435687,,,,,,,,,,,,,,,,,,,,,,,,,,,,,,,,,,,,,,,,,,,,,,,,,,,,,,,,,,,,,,,,-0.012510425354462118,,,,,,,,,,,,,,,,,,,,,,,,,,,,-0.03993971363978899,,,,,,,,,,,,,,,,,,,,,,,,,,,,,,,,,,,,,,,,,,,,,,,,0.11800302571860799,,,,,,,,,,,,,,,,,,,,,0.04655493482309114,,,,,,,,,0.13370473537604477,,,,,,,,,,-0.1255060728744939,,,,,,,,,,,,,,,,,,,,,,,,,,,,,,,,,,,,,,,,,,,,,,,,,,,,,,,,,,,,,,,,,,,,,,,,0.026272577996715896,,,,,,,,,,,,,,0.07692307692307687,,,,,,,,,,,,,,,,0.21614583333333326,,0.08057851239669422,,,,,,,,,,,,,,,,,,,,,,,,,,,,,,,,,,,,,,,,,,,,,,,,,,-0.06707317073170738,,,,,,,,,,,,,,0.09390862944162426,,,,,,,,,,,,,,,,,,,,,,,,,,,,,,0.03142857142857136,,,,0.03494654783521075,1.0692283217917349,16
2015-05-29,,,,,,,,,,,,,0.008645533141210304,,,,,,,,,,,,,,,,,,,,,,,,,,,,,,,,,,,,,,,,,,,,,,,,,,,,,,,,,,,,,,,,-0.15878378378378366,,,,,,,,,,,,,,,,,,,,,,,,,,,,0.007849293563579218,,,,,,,,,,,,,,,,,,,,,,,,,,,,,,,,,,,,,,,,,,,,-0.07227138643067854,,,,-0.03247631935047357,,,,,,,,,,,,,,,,,,,,,0.25444839857651247,,,,,,,,,0.017199017199017064,,,,,,,,,,-0.05092592592592593,,,,,,,,,,,,,,,,,,,,,,,,,,,,,,,,,,,,,,,,,,,,,,,,,,,,,,,,,,,,,,,,,,,,,,,,-0.04480000000000006,,,,,,,,,,,,,,0.39947089947089953,,,,,,,,,,,,,,,,0.03533190578158463,,-0.07074569789674956,,,,,,,,,,,,,,,,,,,,,,,,,,,,,,,,,,,,,,,,,,,,,,,,,,0.08061002178649246,,,,,,,,,,,,,,0.0005800464037124531,,,,,,,,,,,,,,,,,,,,,,,,,,,,,,0.13988919667590038,,,,0.03426807994741981,1.1058687234049396,17
2015-06-30,,,,,,,,,,,,,0.04571428571428582,,,,,,,,,,,,,,,,,,,,,,,,,,,,,,,,,,,,,,,,,,,,,,,,,,,,,,,,,,,,,,,,0.031124497991967814,,,,,,,,,,,,,,,,,,,,,,,,,,,,0.12149532710280386,,,,,,,,,,,,,,,,,,,,,,,,,,,,,,,,,,,,,,,,,,,,,,,,0.19020979020979012,,,,,,,,,,,,,,,,,,,,,0.1304964539007092,,,,,,,,,-0.019323671497584516,,,,,,,,,,0.20487804878048776,,,,,,,,,,,,,,,,,,,,,,,,,,,,,,,,,,,,,,,,,,,,,,,,,,,,,,,,,,,,,,,,,,,,,,,,-0.0653266331658291,,,,,,,,,,,,,,0.0756143667296787,,,,,,,,,,,,,,,,-0.013443640124095269,,0.15637860082304522,,,,,,,,,,,,,,,0.09452736318407973,,,,,,,,,,,,,,,,,,,,,,,,,,,,,,,,,,,-0.012096774193548265,,,,,,,,,,,,,,-0.006956521739130528,,,,,,,,,,,,,,,,,,,,,,,,,,,,,,,,,,0.06666367812261861,1.1795900000278776,16
2015-07-31,,,,,,,,,,,,,,,,,,,0.0,,,,,,,,,,,,,,,,,,,,,,,,,,,,,,,,,,,,,,,,,,,,,,,,,,,,,,,,,,-0.08763388510223957,,,,,,,,,,,,,,,,,,,,,,,,,,,,,,,,,,,,,,,,,,,,,,,,,,,,,,,,,,,0.2195121951219512,,,,,,,,,,,,,,,,,-0.00235017626321965,,,,,,,,,,,,,,,,,,,,,-0.10037641154328736,,,,,,,,,0.10467980295566526,,,,,,,,,,,,,,,,,,,,,,,,,,,,,,,,,,,,,,,,,,,,,,,,,,,,,,,,,,,,,,,,,,,,,,,,,,,,,,,,,,,,,,,,,,,,,,,,-0.14938488576449915,,,,,,,,,,,,,,,,-0.057651991614255604,,-0.017793594306049876,,0.09319899244332497,,,,,,,,,,,,,,,,,,,,,,,,,,,,,,,,,,0.04339622641509444,,,,,,,,,,,,,,,,0.29292929292929304,,,,,0.12265331664580725,,,,,,,0.0525394045534151,,,,,,,,,,,,,,,,,,,,,,,,,,,,,,0.007566204287515754,,,,0.03475229938390105,1.2205834648591023,17
2015-08-31,,,,,,,,,,,-0.10909090909090902,,,,,,,,-0.07042253521126762,,,,,,,,,,,,,,,,,,,,,,,,,,,,,,,,,,,,,,,,,,,,,,,,,,,,,,,,,,,,,,,,,,,,,,,,,,,,,,,,,,,,,,-0.05604203152364273,,,,,,,,,,,,,,,,,,,,,,,,,,,,,,,-0.008571428571428563,,,,,,,,,,,,,,,,,-0.021201413427561766,,,,,,,,,,,,,,,,,,,,,0.08228730822873076,,,,,,,,,-0.0033444816053512794,,,,,,,,,,,,,,,,,,,,,,,,,,,,,,,,,,,,,,,,,,,,,,,,,,,,,,,,,,,,,,,,,,,,,,,,,,,,,,,,,,,,,,,,,,,,,,,,-0.008264462809917328,,,,,,,,,,,,,,,,-0.00556173526140169,,0.034420289855072506,,-0.03840245775729645,,,,,,,,,,,,,,,,,,,,,,,,,,,,,,,,,,0.1989150090415912,,,,,,,,,,,,,,,,,,,,,-0.04013377926421413,,,,,,,0.025513033832501142,,,,,,,,,,,,,,,,,,,,,,,,,,,,,,-0.038798498122653347,,,,-0.003913206112516554,1.215807070183579,17
2015-09-30,,,,,,,,,,,-0.16326530612244916,,,,,,,,0.02020202020202011,,,,,,,,,,,,,,,,,,,,,,,,,,,,,,,,,,,,,,,,,,,,,,,,,,,,,,,,,,,,,,,,,,,,,,,,,,,,,,,,,,,,,,0.18831168831168843,,,,,,,,,,,,,,,,,,,,,,,,,,,,,,,-0.008645533141210415,,,,,,,,,,,,,,,,,-0.016847172081829176,,,,,,,,,,,,,,,,,,,,,-0.011597938144329856,,,,,,,,,0.05369127516778538,,,,,,,,,,,,,,,,,,,,,,,,,,,,,,,,,,,,,,,,,,,,,,,,,,,,,,,,,,,,,,,,,,,,,,,,,,,,,,,,,,,,,,,,,,,,,,,,0.0854166666666667,,,,,,,,,,,,,,,,-0.02348993288590595,,0.45534150612959734,,0.09105431309904155,,,,,,,,,,,,,,,,,,,,,,,,,,,,,,,,,,-0.0678733031674208,,,,,,,,,,,,,,,,,,,,,-0.04761904761904767,,,,,,,0.07733910221741502,,,,,,,,,,,,,,,,,,,,,,,,,,,,,,0.0078125,,,,0.042655389242134766,1.2676677940055991,17
2015-10-30,,,,,,,-0.02917771883289122,,,,,,,,,,,,-0.05693069306930698,,,,,,,,,,,,,,0.0433275563258233,,,,,,,,,,,,,,,,,,,,,,,,,,,,,,,,,,,,,,,,,,,,,,,,,,,,,,,,,,,,,,,,,,,,,,,,-0.049960967993754934,,,,,,,,,,,,,,,,,,,,,,,,,,,,,,,,,,,,,,,,,,,,0.03616133518776077,,,,0.13953488372093026,,,,,,,,,,,,,,,,,,,,,,,,,,0.0753064798598948,,,,0.13481953290870474,,,,,,,,,0.12765957446808485,,,,,,,,,,,,,,,,,,,,,,,,,,,,,,,,,,,,,,,,,,,,,,,,,,,,,,,,,,,,,,,,,,,,,,,,,,,,,,,,,,,,,,,,,,,,,,,,,,,,,,,0.12829324169530354,,,,0.6281112737920935,,,,,,,,,,,,,0.21111111111111125,,,,,,,,,,,,,,,,,,,,,,,,,,,,,,,,,,,,,,,,,,0.03170731707317098,,,,,,,0.3222891566265058,,,,,,,,,,,,,,,,,,,,,,,,0.0935601458080193,,,,,,,,,,0.12238748191209667,1.422814463215007,17
2015-11-30,,,,,,,0.0,,,,,,,,,,,,-0.09973753280839892,,,,,,,,,,,,,,0.021594684385382257,,,,,,,,,,,,,,,,,,,,,,,,,,,,,,,,,,,,,,,,,,,,-0.09218203033838979,,,,,,,,,,,,,,,,,,,,,,,,-0.023809523809523725,,,,0.020542317173377178,,,,,,,,,,,,,,,,,,,,,,,,,,,,,,,,,,,,,,,,,,,,-0.03221476510067112,,,,-0.1138560687432868,,,,,,,,,,,,,,,,,,,,,,,,,,0.03420195439739415,,,,0.030869971936389184,,,,,,,,,-0.16981132075471694,,,,,,,,,,,,,,,,,,,,,,,,,,,,,,,,,,,,,,,,,,,,,,,,,,,,,,,,,,,,,,,,,,,,,,,,,,,,,,,,,,,,,,,,,,,,,,,,,,,,,,,-0.1096446700507614,,,,,,,,,,,,,,,,,,,,,,,,,,,,,,,,,,,,,,-0.06144393241167423,,,,,,,,,,,,,,,,,,,,,-0.024822695035461084,,,,,,,,,,,,,,,,,,,,,,,,,,,,,,,-0.07444444444444442,,,,,,,,,,-0.04631720370698571,1.3569136758850322,17
2015-12-31,,,,,,,0.0,,,,,,,,,,,,-0.08746355685131202,,,,,,,,,,,,,,0.052032520325203224,,,,,,,,,,,,,,,,,,,,,,,,,,,,,,,,,,,,,,,,,,,,0.11053984575835485,,,,,,,,,,,,,,,,,,,,,,,,-0.024390243902438935,,,,0.07971014492753614,,,,,,,,,,,,,,,,,,,,,,,,,,,,,,,,,,,,,,,,,,,,-0.04160887656033285,,,,-0.0060606060606061,,,,,,,,,,,,,,,,,,,,,,,,,,-0.03307086614173227,,,,0.09981851179673318,,,,,,,,,-0.025252525252525304,,,,,,,,,,,,,,,,,,,,,,,,,,,,,,,,,,,,,,,,,,,,,,,,,,,,,,,,,,,,,,,,,,,,,,,,,,,,,,,,,,,,,,,,,,,,,,,,,,,,,,,0.014823261117445918,,,,,,,,,,,,,,,,,,,,,,,,,,,,,,,,,,,,,,,,,,,,,,,,,,,,,,,,,,,0.19030303030303042,,,,,,,,,,,,,,,,,,,,,,,,,,,,,,,0.10444177671068422,,,,,0.11260709914320688,,,,,0.03642863435421649,1.4063441880340837,17
2016-01-29,,,,,,,0.010928961748633892,,,,,,-0.07308970099667766,,,,,,-0.17252396166134187,,,,,,,,,,,,,,,,,,,,,,,,,,,,,,,,,,,,,,,,,,,,,,,,,,,,,,,,,,0.03240740740740744,,,,,,,,,,,,,,,,,,,,,,,,0.09999999999999987,,,,,,,,,,,,,,,,,,,,,,,,,,,,,,,,,,,,,,,,,,,,,,,,-0.05933429811866864,,,,-0.09268292682926815,,,,,,,,,,,,,,,,,,,,,-0.0390995260663507,,,,,,,,,,,,,,,,,,,,,,,,,,,,,,,,,,,,,,,,,,,,,,,,,,,,,,,,,,,,,,,,,,,,,,,,,,,,,,,,,,,,,,,,,,,,,,,,,,,,,,,,,,,,,0.0,,,,,,,,,,,,0.02921348314606731,,,,,,,,,,,,,,,,,0.0,,,,,,,,,,,,,,,,,,,,,-0.08091603053435115,,,,,,,,,,,,,,0.025466893039049365,,,,,,,,,,,,,,,,,,,,,,,,,,,,,,,,,,,,,,0.07826086956521738,,,,,,,,,,-0.017240630664305923,1.3820979273012948,16
2016-02-29,,,,,,,0.010810810810810922,,,,,,0.06810035842293916,,,,,,0.11969111969111967,,,,,,,,,,,,,,0.04609929078014208,,,,,,,,,,,,,,,,,,,,,,,,,,,,,,,,,,,,,,,,,,,,0.41031390134529144,,,,,,,,,,,,,,,,,,,,,,,,,,,,,,,,,,,,,,,,,,,,,,,,,,,,,,,,,,,,,,,,,,,,,,,,0.01538461538461533,,,,0.0873655913978495,,,,,,,,,,,,,,,,,,,,,0.0,,,,,,,,,,,,,,,,,,,,,,,,,,,,,,,,,,,,,,0.24521072796934873,,,,,,,,,,,,,,,,,,,,,,,,,,,,,,,,,,,,,,,,,,,,,,,,,,,,,,,,,,,,,,,,,,,,,,,-0.008519701810436597,,,,,,,,,,,,0.04912663755458513,,,,,,,,,,,,,,,,,0.11879432624113484,,,,,,,,,,,,,,,,,,,,,0.1013289036544851,,,,,,,,,,,,,,0.18046357615894038,,,,,,,,,,,,,,,,,,,,,,,,,,,,,,,,,,,,,,-0.07258064516129037,,,,,,,,,,0.09143930082930236,1.5084759954513531,17
2016-03-31,,,,,,,0.021390374331550666,,,,,,-0.01342281879194629,,,,,,0.024137931034482918,,,,,,,,,,,,,,-0.011864406779661052,,,,,,,,,,,,,,,,,,,,,,,,,,,,,,,,,,,,,,,,,,,,,,,,,,,,,,,,,,,,,,,,,,,,-0.023809523809523725,,,,,,,,,,,,,,,,,,,,,,,,,,,,,,,,,,,,,,,,,,,,,,,,0.05757575757575761,,,,0.11001236093943145,,,,,,,,,,,,,,,,,,,,,0.278668310727497,,,,,,,,,,,,,,,,,,,,,,,,,,,,,,,,,,,,,,0.20615384615384613,,,,,,,,,,,,,,,,,,,,,,,,,,,,,,,,,,,,,,,,,,,,,,,,,,,,,,,,,,,,,,,,,,,,,,,-0.03437164339419985,,,,,,,,,,,,0.042663891779396446,,,,,,,,,,,,,,,,,0.3803486529318545,,,,,,,,,,,,,,,,,,,,,0.43288084464555054,,,,,,,,,,,,,,0.2889200561009817,,,,,,,,,,,,,,,,,,,,,,,,,,,,,,,,,,,,,,0.11195652173913051,,,,,,,,,,0.12474934367894323,1.69665738583935,17
2016-04-29,,,,,,,,,,,,,,,0.01717557251908386,,,,0.15488215488215484,,,,,,,,,,,,,,,,,,,,,,,,,,,,,,,,,,,,,,,,,,,,,,,,,,,,,,,,,0.07621247113163965,0.3217179902755267,,,,,,,,,,,,,,,,,,,,,,,,0.04878048780487809,,,,,,,,,,,,,,,,,,,,,,,,,,,,,,,,,,,,,,,,,,,,,,,,0.13467048710601714,,,,0.45322939866369705,,,,,,,,0.050139275766016844,,,,,,,,,,,,,,,,,,,,,,,,,,,,,,,,,,,,,,,,,,,,,,,,,,,,,,,,,,,,,,,,,,,,,,,,0.02556818181818188,,,,,,,,,,,,,,,,,,,,,,,,,,,,,,,,,,,,,,,,,,,,,,0.06910569105691056,,,,,,,,,,,,,,,,0.13972055888223567,,,,,,,,,,,,,,,,,,,,,,,,,,,,,,,,,,,,,,,,,,,,,,,,,,,,0.3155603917301415,,,,,,,,,,,,,,,,,,,,,,,0.04157043879907607,,,,,,,,,,,,,,,-0.050830889540566915,,,,,,0.07820512820512815,,,,0.12504715594000806,1.90881956654317,17
2016-05-31,,,,,,,,,,,,,0.014545454545454639,,0.37898686679174465,,,,-0.023323615160349864,,,,,,,,,,,,,,,,,,,,,,,,,,,,,,,,,,,,,,,,,,,,,,,,,,,,,,,,,0.12660944206008584,,,,,,,,,,,,,,,,,,,,,,,,,-0.04651162790697683,,,,,,,,,,,,,,,,,,,,,,,,,,,,,,,,,,,,,,,,,,,,,,,,,,,,,,,,,,,,-0.08222811671087538,,,,,,,,,,,,,,,,,,,,,,,,,,,,,,,,,,,,,,,,,,,,,,,,,,,,,,,,,,,,,,,,,,,,,,,,-0.024930747922437657,,,,,,,,,,,,,,,,,,,,,,,,,,,,,,,,,,,,,,,,,,,,,,-0.1216730038022813,,,,,,,,,,,,,,,,0.06304728546409821,,,,,,,,,,,,,,,,,,,0.11170212765957444,,,,,,,,,,,,,,,,,,,0.14116485686080948,,,,,,,,,,,,,,-0.10008271298593874,,,,,,,,,,,,,,,,,,,,,,,-0.013303769401330268,,,,,,,,,,,,,,,0.10607621009268797,,,,,0.0,,,,,0.035338576638951014,1.9762745330853853,17
2016-06-30,,,,,,,,,,,,,-0.09677419354838712,,,,,,-0.06567164179104479,,,,,-0.05284552845528456,,,,,,,,,,,,,,,,,,,,,,,,,,,,,,,,,,,,,,,,,,,,,,,,,,,,0.15047619047619043,,,,,,,,,,,,,,,,,,,,,,,,0.0,0.12466124661246614,,,,,,,,,,,,,,,,,,,,,,,,,,,,,,,,,,,,,,,,,,,,,,,,,,,,,,,,,,,,0.06358381502890187,,,,,,,,,,,,,,,,,,,,,,,,,,,,,,,,,,,,,,,,,,,,,,,,,,,,,,,,,,,,,,,,,,,,,,,,0.14488636363636376,,,,,,,,,,,,,,,,,,,,,,,,,,,,,,,,,,,,,,,,,,,,,,0.010822510822510845,,,,,,,,,,,,,,,,-0.005766062602965416,,,,,,,,,,,,,,,,,,,,,,,,,,,,,,,,,,,,,,,,,,,,,,,,,,,,0.23897058823529416,,,,,,,,,,,,,,,,,,,,,,,0.0,,,,,,,,,,,,,,,0.1089385474860336,,,,,0.0,,,,,0.04437727399286278,2.063976209525232,16
2016-07-29,,,,,,0.08954154727793706,,,,,,,,,,,,,-0.025559105431309903,,,,,,,,,,,,,,0.2934947049924357,,,,,,,,,,,,,,,,,,,,,,,,,,,,,,,,,,,,,,,,,,,,,,,,,,,,,,,,,,,,,,,,,,,,0.02168674698795181,,,,,,0.0,,,,,,,,,,,,,,,,,,,,,,,,,,,,,,,,,,,,,,,,,,0.12273212379935972,,,,,,,,,,,,,,,,,,,,,,,,,,,,,,,,,,,,,,,,,,,,,,,,,,,,,,,,,,,,,,,,,,,,,,,,,,,,,,,,,,,,,,,,,,,,,,,,,,,,,,,,,,,,,,,,,,,,-0.02230483271375472,,,,,,,,,,,,,,-0.010706638115631661,-0.03159851301115235,,,,,,,,,,,,,,,0.03231151615575811,,,,,,,,,,,,,,,,,,,,,,,,,,,,,,,,,0.17728055077452676,,,,,-0.09360269360269358,,,,,,,,,,,,,,,-0.11724137931034484,,,,,,0.08426395939086295,,,,,,,,,,,,,,,,,,,,,,,,,,,,,,,,,,,,,-0.050108932461873534,,,,0.0313459369821381,2.1286734777216423,17
2016-08-31,,,,,,,,,,,,,,,,,,,-0.026229508196721207,,,,,,,,,,,,,,,,,,,,,,,,,,,,,,,,,,,,,,,,,,,,,,,,,,,,,,,,,0.09218436873747504,,,,,,,,,,,,,,,,,,,,,,,,,0.06603773584905648,,,,,,-0.061046511627906974,,,,,,,,,,,,,,,,,,,,,,,,,,,,,,,,,,,,,,,,,,0.14163498098859328,,,,,,,,,,,,,,,,,,,,,,,,,,,,,,,,,,,,,,,,,,,,,,,,,,,,,,,,,,,,,,,,,,,,,,,,0.05263157894736836,,,,,,,,,,,,,,,0.28317152103559873,,,,,,,,,,,,,,,,,,,,,,,,,,,,,-0.02281368821292773,,,,,,,,,,,,,,-0.032467532467532534,-0.06142034548944342,,,,,,,,,0.13262195121951215,,,,,,0.378812199036918,,,,,,,,,,,,,,,,,,,,,,,,,,,,,,,,,,,,,,0.06017830609212482,,,,,,,,,,,,,,,0.03385416666666674,,,,,,,,,,,,,,,,,,,,,,,,,,,,,,,,,,,,,,,,,,,0.0,,,,0.06914328150525212,2.275856947224514,17
2016-09-30,,,,,,,,,,,,,,,,,,,0.0,,,,,,,,,,,,,,0.10252996005326231,,,,,,,,,,,,,,,,,,,,,,,,,,,,,,,,,,,,,,,,,,,,,,,,,,,,,,,,,,,,,,,,,,,,-0.011061946902654829,,,,,,0.22291021671826639,,,,,,,,,,,,,,,,,,,,,,,,,,,,,,,,,,,,,,,,,,,,,,,,,,,,,,,,,,,,,,,,,,,,,,,,,,,,,,,,,,,,,,,,,,,,,,,,,,,,,,,,,,,,,,,,,,-0.0050000000000000044,,,,,,,,,,,,,,,,,,,,,,,,,,,,,,,,,,,,,,,,,,,,-0.017509727626459082,,,,,,,,,,,,,,-0.008948545861297563,-0.014314928425357754,,,,,,,,,,,,,,,,,,,,,,,,,,,,,,,,0.07894736842105265,,,,,,,,,,,,,,,,-0.0186513629842181,,,,,0.2501751927119833,,,,,,,,,,,-0.12295081967213106,,,,-0.2544080604534006,,,,,,0.032474804031355164,,,,,,,,,,,,,,,,,,,,,,,,,,,,,,,,,,,,,-0.07912844036697264,,,,0.010337580642895213,2.2993838019481405,17
2016-10-31,,,,,,,-0.032786885245901676,,,,,,0.0627306273062731,,,,,,0.006734006734006703,,,,,,,,,,,,,,,,,,,,,,,,,,,,,,,,,,,,,,,,,,,,,,,,,,,,,,,,,,,,,,,,,,,,,,,,,,,,,,,,,0.03738317757009346,0.08948545861297541,,,,,,,,,,,0.3083900226757368,,,,,,,,,,,,,,,,,,,,,,,,,,,,,,,,,,0.0,,,-0.10842433697347897,,,,,,,,,,,,,,,,,,,,,,,,,,,,,,,,,,,,,,,,-0.22135416666666663,,,,,,,,,,,,,,,,,,,,,,,,,,,,,,,,,,,,,,,,,,,,,,,,,,,,,,,,,,,,,,,,,,,,,,,,,,,,,,,,,,,,,,,,,,0.16027088036117387,0.07676348547717837,,,,,,,,,0.06360792492179357,,,,,,,,,,,,,,,,,,,,,,,,,,,,,,,,,,,,,,,-0.032163742690058394,,,,,,,,,,,,,,,,-0.035046728971962704,,,,-0.030405405405405372,,,,,,,,,,,,,,,,,,,,,,,,,,,,,,,,,,,,,,,,,,,,,,,0.023012287847050502,2.3522978838694164,17
2016-11-30,,,,,,,-0.08192090395480223,,,,,,-0.11111111111111105,,,,,,-0.03678929765886296,,,,,,,,,,,,,,,,,,,,,,,,,,,,,,,,,,,,,,,,,,,,,,,,,,,,,,,,,,,,,,,,,,,,,,,,,,,,,,,,,,-0.05338809034907588,,,,,,,,,,,,,,,,,,,,,,,,,,,,,,,,,,,,,,,,,,,,,0.04713114754098369,,,0.03324584426946631,,,,,,,,,,,,,,,,,,,,,,,,,,,,,,,,,,,,,,,,-0.07357859531772581,,,,,,,,,,,,,,,,,,,,,,,,,,,,,,,,,,,,,,,,,,,,0.27226463104325704,,,,,,,,,,,,,,,,,,,,,,,,,,,,,,,,,,,,,,,,,,,,,,-0.0038910505836574627,-0.046242774566474076,,,,,,,,,0.15490196078431384,,,,,,0.07579787234042556,,,,,,,,,,,,,,,,,-0.053571428571428714,,,,,,,,,,,,,,,,0.3262839879154078,,,,,,,,,,,,,,,,,,,,0.1045296167247387,,,,,,,,,,,,,,,,,,,,,,,,,,,,,,,,,,,,,,,,,,,,,,,0.036910787233696986,2.439123050571196,17
2016-12-30,,,,,,,0.06461538461538452,,,,,,-0.1835937500000001,,,,,,0.01736111111111116,,,,,,,,,,,,,,,,,,,,,,,,,,,,,,,,,,,,,,,,,,,,,,,,,,,,,,,,,,,,,,,,,,,,,,,,,,,,,,,,,,0.0,,,,,,,,,,,-0.11834319526627224,,,,,,,,,,,,,,,,,,,,,,,,,,,,,,,,,,-0.023483365949119372,,,0.025402201524131973,,,,,,,,,,,,,,,,,,,,,,,,,,,,,,,,,,,,,,,,0.16245487364620947,,,,,,,,,,,,,,,,,,,,,,,,,,,,,,,,,,,,,,,,,,,,,,,,,,,,,,,,,,,,,,,,,,,,,,,,,,,,,,,,,,,,,,,,,,-0.048828125,0.07070707070707072,,,,,,,,,-0.02631578947368407,,,,,,,,,,,,,,,,,,,,,,,-0.08805031446540879,,,,,,,,,,,,,,,,-0.02505694760820032,,,,,,,,,,,,,,,,,,,,0.6403785488958991,,,,,,,,,,,,,,,,,,,,,,,,,,,,,,,,,,,,,,,,,,,,,,,0.03337483590979443,2.5205283821478073,16
2017-01-25,,,,,,,0.0,,,,,,-0.26315789473684204,,,,,,0.0034129692832762792,,,,,,,,,,,,,,,,,,,,,,,,,,,,,,,,,,,,,,,,,,,,,,,,,,,,,,,,,,,,,,,,,,,,,,,,,,,,,,,,,,,,,,,,0.09736842105263155,,,,,,,,,,,,,,,,,,,,,,,,,,,,,,,,,,,,,,,0.13026052104208397,,,-0.019818331957060287,,,,,,,,,,,,,,,,,,,,,,,,,,,,,,0.05047318611987395,,,,,,,,,,,,,,,,,,,,,,,,,,,,,,,,,,,,,,,,,,,0.0551181102362206,,,,,,,,,,,,,,,,,,,,,,,,,,,,,,,,,,,,,,,,,,,,,,,,,,,,,,,0.18795620437956195,,0.010266940451745254,-0.02075471698113196,,,-0.03359683794466406,,,,,,,,,,,,,,,,,,,,,,,,,,,,,-0.036781609195402076,,,,,,,,,,,,,,,,,,,,,0.016986706056129952,,,,,,,,,,,,,,,0.901923076923077,,,,,,,,,,,,,,,,,,,,,,,,,,,,,,,,,,,,,,,,,,,,,,,0.07197711631530002,2.701948746685675,17
2017-02-28,,,,,,,0.08092485549132955,,,0.08215661103979466,,,0.7142857142857144,,,,,,0.06462585034013602,,,,,,,,,,,,,,,,,,,,,,,,,,,,,,,,,,,,,,,,,,,,,,,,,,,,,,,,,,,,,,,,,,,,,,,,,,,,,,,,,,,,,,,,,,,,,,,,,,,,,,,,,,,,,,,,,,,,,,,,,,,,,,,0.10460992907801425,,,-0.05475989890480193,,,,,,,,,,,,,,,,,,,,,,,,,,,,,,-0.03903903903903905,,,,,,,,,,,,,,,,,,,,,,,,,,,,,,,,,,,,,,,,,,,0.05970149253731338,,,,,,,,,,,,,,,,,,,,,,,,,,,,,,,,,,,,,,,,,,,-0.028397565922920864,,,,,,,,,,,,1.5407066052227343,,0.0650406504065042,0.040462427745664664,,,0.06646216768916169,,,,,,,,,,,,,,,,,,,,,,,,,,,,,0.038186157517899666,,,,,,,,,,,,,,,,,,,,,-0.001452432824981864,,,,,,,,,,,,,,,,,,,,,,,,,,,,,,,,,,,,,,,,,,,,,,,,,,,,,,,,,,,,,,0.18223423497750155,3.1943363094863577,17
2017-03-31,,,,,,,-0.13101604278074874,,,,,,0.15151515151515138,,,,,,-0.051118210862619695,,,,,,,,,,,,,,,,,,,,,,,,,,,,,,,,,,,,,,,,,,,,,,,,,,,,,,,,,,,,,,,,,,,,,,,,,,,,,,,,,,0.02494331065759625,,,,,,,,,,,,,,,,,,,,,,,,,,,,,,,,,,,,,,,,,,,,,-0.009630818619582704,,,0.14616755793226366,,,,,,,,,,,,,,,,,,,,,,,,,,,,,,0.009374999999999911,,,,,,,,,,,,,,,,,,,,,,,,,,,,,,,,,,,,,,,,,,,-0.06338028169014076,,,,,,,,,,,,,,,,,,,,,,,,,,,,,,,,,,,,,,,,,,,0.29018789144050094,,,,,,,,,,,,,,-0.041984732824427606,0.022222222222222143,,,0.003835091083413289,,,,,,,,,,,,,,,,,,,,,,,,,,,,,0.0,,,,,,,,,,,,,,,,,,,,,0.06254545454545446,,,,,,,,,,,,,,,-0.08133086876155271,,,,,,,,,,,,,,,,,,,,,,,,,,,,,,,,,,,,,,,,,,,,,,,0.02215538159050199,3.265108049351424,17
2017-04-28,,,,,,,0.04923076923076919,,,,,,,,,,,,0.3367003367003367,,,,,,,,,,,,,,-0.07253886010362687,,,,,,,,,,,,,,,,,,,,,,,,,,,,,,,,,,,,,,,,,,,,,,,,,,,,,,,,,,,,,,,,,,,,,,,,,,,,,,,,,,,,,,,,,,,,,,,,,,,,,,,,,,,,,,,,,,,,,,,,,,,,,,,,,,,,,,,,,,,,,,,,,,,,,,,,,,0.08128544423440442,,0.6312741312741312,,,,-0.0022421524663678305,,,,,,,,,,,,,,,,,,,,,,,,,,,,,,,,,,,,,,,,,,,,,,,,,,,,,,,,,,,,,,,,,,,,,,,,,,,,,,,,,,,,-0.12012644889357227,,0.031872509960159334,-0.059782608695651995,,,,,,,,,-0.12742980561555084,,,,,,,,,,,,,,,,,,,,,,,-0.082758620689655,,,,,,,,-0.21111111111111114,,,,,,,,,,,,,-0.08145106091718002,,,,,,,,,,,,,,0.03128991060025532,,,,,0.041916167664670656,,,,,,,,,,,,,,,,,,,,,,,,,,,,,,,,,,,,,,,,,,,0.029741906744800737,3.3622185884669324,17
2017-05-31,,,,,,,0.02639296187683282,,,,,,,,,,,,-0.12090680100755669,,,,,,,,,,,,,,0.10754189944134063,,,,,,,,,,,,,,,,,,,,,,,,,,,,,,,,,,,,,,,,,,,,,,,,,,,,,,,,,,,,,,,,,,,,,,,,,,,,,,,,,,,,,,,,0.09694555112881797,,,,,,,,,,,,,,,,,,,,,,,,,,,,,,,,,,,,,,,,,,,,,,,,,,,,,,,,,,,,,,,,,,,,,,,,-0.014232209737827684,,,,,,,,,,,,,,,,,,,,,,,,,,,,,,,,,,,,,,,,,,,,,,,,,,,,,,,,,,,,,,,,,,,,,,,,,,,,,,,,,,,,-0.09281437125748493,,0.013513513513513598,0.12138728323699421,,,,,,,,,,,,,,,,,,,,,,,,,,,,,,,,-0.015037593984962405,,,,,,,,0.09859154929577474,,,,,,,,0.027459954233409745,,,,,-0.049180327868852514,,,,,,,,,,,,,,-0.11826625386996892,-0.030588235294117583,,,,0.10057471264367823,,,,,,,,,,,,,,,,,,,,,,,,,,,,,,,,,,,,,,,,,,,0.010092108823306082,3.3961504643494833,17
2017-06-30,,,,,,0.13550340651021942,-0.014285714285714235,,,,,,,,,,,,0.025787965616045794,,,,,,,,,,,,,,,,,,,,,,,,,,,,,,,,,,,,,,,,,,,,,,,,,,,,,,,,,,,,,,,,,,,,,,,,,,,,,,,,,,,,,,,,,,,,,,,,,,,,,,0.17796610169491545,,,,,,,,,,,,,,,,,,,,,,,,,,,,,,,,,,,,,,,,,,,,,,,,,,,,,,,,,,,,,,,,,,,,,,,,0.06382978723404253,,,,,,,,,,,,,,,,,,,,,,,,,,,,,,,,,,,,,,,,,,,,,,,,,,,,,,,,,,,,,,,,,,,,,,,,,,,,,,,,,,,,0.05478547854785476,,-0.00952380952380949,-0.015463917525773141,,,,,,,,,,,,,,,,,,,,,,,,,,,,,,,,-0.007633587786259555,,,,,,,,0.0641025641025641,,,,,,,,0.020044543429843964,,,,,0.018025078369906078,,,,,,,,,,,,,,-0.008778089887640395,0.0315533980582523,,,,-0.031331592689295085,,,,,,,,,,,,,,,,,,,,,,,,,,,,,,,,,,,,,,,,,,,0.0336387741243435,3.51039280271202,17
2017-07-31,,,,,,,0.008695652173912993,,,-0.015665796344647487,,,0.41501976284584985,,,,,,0.2737430167597763,,,,,,,,,,,,,,0.17999999999999994,,,,,,,,,,,,,,,,,,,,,,,,,,,,,,,,,,,,,,,,,,0.09035621198957444,,,,,,,,,,,,,,,,,,,,,,,,,,,,,,,,0.2584269662921348,,,,,,,,,,,,,,,,-0.11591768164636695,,,,,,,,,,,,,,,,,,,,,,,0.13207547169811318,,,,,,,,,,,,,,,,,,,,,,,,,,,,,,,,,,,,,,,,,,,,,,,,,,,,,,,,,,,,,,,,,,,,,,,,,,,,,,,,,,,,,,,,,,,,,,,,,,,,,,,,,,,,,,,,,,,,,,,,,,,,,,,,,,,,,0.009615384615384581,0.03141361256544495,,,,,,,,,,,,,,,,,,,,,,,,,,,,,,,,,,,,,,,,,,,,,,,,-0.042576419213973815,,,,,0.004618937644341736,,,,,,,,,,,,,,,,0.0988074957410563,,,,,-0.12488436632747457,,,,,,,,,,,,,,,,,,,,,,,,,,,,,,,,,,,,,,,,,0.08024854991954176,3.7920967347776555,17
2017-08-31,,,,,,,-0.002873563218390718,,,-0.03183023872679047,,,,,,,,,0.0899122807017545,,,,,,,,,,,,,,,,,,,,,,,,,,,,,,,,,,,,,,,,,,,,,,,,,,,,,,,,,,,,,,,,,,,,,,,,,,,,,,,,,,,,,,,,-0.03749999999999998,,,,,,,,,,,,,,,,-0.16437054631828985,,,,,,,,,,,,,,,,,,,,,,,0.023611111111111027,,,,,,,,,,,,,,,,,,,,,,,,,,,,,,,,,,,,,,,,,,,,,,,,,,,,,,,,,,,,,,,,,,,,,,,,,,,,,,,,,,,-0.0638852672750978,,,,,,,,,,,,,,,,,,,,,,,,,,,,,,,,,,,,,,,,,,,,,,,,,,0.043809523809523965,-0.0930626057529611,,,,,,,,,,,,,,,,,,,,,,,,,,,,,-0.016845329249617236,,,,,,,,,,,,,,,,,,,0.08779931584948675,,,,,-0.10421455938697322,,,,,,,,,,,,,,,,,-0.13778054862842892,,,,0.02114164904862581,,,,,,,,,,,,,,,,,,,,,,,,,,,,,,,,,,,,,,,,,-0.02757776985971766,3.6875191637401703,16
2017-09-29,,,,,,,-0.01729106628242072,,,0.0,,,,,,,,,0.028169014084507227,,,,,,,,,,,,,,-0.00835322195704058,,,,,,,,,,,,,,,,,,,,,,,,,,,,,,,,,,,,,,,,,,,,,,,,,,,,,,,,,,,,,,,,,,,,,,,,,,0.10946196660482399,,,,,,,,,,,,,,,,0.04320636725412186,,,,,,,,,,,,,,,,,,,,,,,0.02170963364993228,,,,,,,,,,,,,,,,,,,,,,,,,,,,,,,,,,,,,,,,,,,,,,,,,,,,,,,,,,,,,,,,,,,,,,,,,,,,,,,,,,,0.0,,,,,,,,,,,,,,,,,,,,,,,,,,,,,,,,,,,,,,,,,,,,,,,,,,-0.034671532846715425,0.02238805970149249,,,,,,,,,,,,,,,,,,,,,,,,,,,,,-0.03816199376947038,,,,,,,,,,,,,,,,,,,0.019916142557652172,,,,,0.018819503849444086,,,,,,,,,,,,,,,,,-0.0318148951554591,,,,-0.023809523809523836,,,,,,,,,,,,,,,,,,,,,,,,,,,,,,,,,,,,,,,,,0.007304563592089604,3.7144548819687597,17
2017-10-31,,0.010339734121122657,,,,,0.02639296187683282,,,0.0,,,,,0.004184100418409997,,,,-0.03131115459882583,,,,,,,,,,,,,,,,,,,,,,,,,,,,,,,,,,,,,,,,,,,,,,,,,,,,,,,,,,,,,,,,,,,,,,,,,,,,,,,,,,-0.06941431670282006,,,,0.03643122676579935,,-0.19899665551839474,,,,,,,,,,,,,,,,,,,,,,,,,,,,,,,,,,,,,,,,,,,,,,,,,,,,,,,,,,,,,,,,,,,,,,,,,,,,,,,,,,,,,,,,,,,,,,,,,,,,,,,,,-0.12992125984251968,,,,,,,,,,,,,,,,,,,,,,,,,,,,,,,,,,,,,,,,,,,,,,,,,,,,,,,,,,,,,,,,,,,0.07939508506616266,,,,,,,,,,,,,,,,,,,,,,,,,,,,,,0.0032388663967612974,,,-0.0633245382585752,,,,,,,,,,,,,,,,,,,,,-0.10579345088161207,,,,,,,,,,,,,,,,,,,,,0.04135737009544016,,,,,,,,,,,,,,,,,,,,0.01118881118881121,,,,,,,,,,,,,,,,,,,,,-0.02574888132489383,3.6188118240262734,17
2017-11-30,,0.014619883040935644,,,,,0.005714285714285783,,,-0.023287671232876672,,,,,0.12916666666666665,,,,-0.018181818181818188,,,,,,,,,,,,,,,,,,,,,,,,,,,,,,,,,,,,,,,,,,,,,,,,,,,,,,,,-0.04297520661157017,,,,,,,,,,,,,,,,,,,,,,,,,,-0.053613053613053685,,,,,,0.035490605427974886,,,,,,,,,,,,,,,,0.1565053425518541,,,,,,,,,,,,,,,,,,,,,,,,,,,,,,,,,,,,,,,,,,,,,,,,,,,,,,,,,,,,,,,,,,,,,,,,,,,,,,,,,,,,,,,,,-0.02564102564102566,,,,,,,,,,,,,,,,,,,,,,,,,,,,,,,,,,,,,,,,,,,,,,,,,,,,,-0.0437086092715232,,,,,,,,,,,,,,,,,,,,,,,,,,,,,,,,,,,,,,,,,,,,,,,-0.04225352112676051,,,,,,,,,,,,,,,,,,,,,-0.016901408450704203,,,,,,,,,,,,,,,,,,,,,0.026476578411405383,,,,,,,,,,,,,,,,,,,,-0.03181189488243441,,,,,,,,,,,,,,,,,,,,,0.004639943520090384,3.6356029064995905,17
2017-12-29,,-0.01008645533141217,,,,,-0.06534090909090906,,,0.012622720897615736,,,,,-0.11439114391143912,,,,0.15843621399176944,,,,,,,,,,,,,,,,,,,,,,,,,,,,,,,,,,,,,,,,,,,,,,,,,,,,,,,,0.02590673575129543,,,,,,,,,,,,,,,,,,,,,,,,,,0.0,,,,,,-0.014112903225806495,,,,,,,,,,,,,,,,,,,,,,,,,,,,,,,,,,,,,,,,,,,,,,,,,,,,,,,,,,,,,,,,,,,,,,,,,,,,,,,,,,,,,,,,,,,,,,,,,,,,,,,,,-0.01702786377708987,,,,,,,,,,,,,,,,,,,,,,,,,,,,,,,,,,,,,,,,,,,,,,,,,,,,,0.04570637119113585,,,,,,,,,,,,,,,,,,,,,,,,,,,,,,,,,,,,,,,,,,,,,,,-0.020588235294117574,,,,,,,,,,,,,,,,,,,,,-0.002865329512894088,,,,,,,,,,,,,,,,,-0.032786885245901676,,,,-0.18055555555555558,,,,,,,,,,,,,,,,,,,,0.0014285714285713347,,,,,,,,,,,,,,,,,,,,,-0.014243644512315856,3.583818671111468,17
2018-01-31,,,,,,,-0.03647416413373861,,,-0.03462603878116344,,,,,,,,,0.17406749555950274,,,,,,,,,,,,,,,,,,,,,,,,,,,,,,,,,,,,,,,,,,,,,,,,,,,,,,,,-0.019360269360269355,,,,,,,,,,,,,,,,,,,,,,,,,,,,,,,,,,,,,,,,,,,,,,,,,,,,,,,,,,,,,,,,,,,,,,,0.150401836969001,,,,,,,,,,,,,,,,,,,,,,,,,,,,-0.07232704402515722,,,,,0.014423076923076872,,,,,,,,,,,,,,,,,,,,,,,,,,,,,,,,,,,,,,,,,,,,,,,,,,,,,,,,,,,,,,,,,,,,,,,,,,,,,,,,,,,,,,,,,,,,,,,,,,,,-0.04125736738703334,-0.023255813953488413,,,,,,,,,,,,,,,,,,,,,,,,,,,,,0.021434460016487966,,,,,,,,,,,,,,,,,,,,,,,,0.031609195402298784,,,,,,,,,,,,,,0.25470459518599564,,,,0.05499276410998544,,,,,,,,,,0.09547738693467345,,,,,,,,,,,,,,,,,,,,,,0.08385093167701863,,,,,,,,,,,,0.04357740300914601,3.739992181654195,17
2018-02-28,,,,,,,0.06309148264984232,,,-0.031563845050215145,,,,,,,,,-0.08320726172465975,,,,,,,,,,,,,,,,,,,,,,,,,,,,,,,,,,,,,,,,,,,,,,,,,,,,,,,,-0.02489270386266107,,,,,,,,,,,,,,,,,,,,,,,,,,,,,,0.01831501831501825,,,,,,,,,,,,,,,,,,,,,,,,,,,,,,,,,,,,,,,,,-0.03892215568862267,,,,,,,,,,,,,,,,,,,,,,,,,,,,-0.07683615819209033,,,,,0.015797788309636518,,,,,,,,,,,,,,,,,,,,,,,,,,,,,,,,,,,,,,,,,,,,,,,,,,,,,,,,,,,,,,,,,,,,,,,,,,,,,,,,,,,,,,,,,,,,,,,,,,,,-0.038934426229508046,-0.08730158730158732,,,,,,,,,,,,,,,,,,,,,,,,,,,,,-0.017756255044390712,,,,,,,,,,,,,,,,,,,,,,,,,,,,,,,,,,,,,,0.09243111266131843,,,,-0.03429355281207136,,,,,,,,,,,,,,,,,,,,,,,,,,,,,,,,-0.011461318051575908,,,,,,,,,,,,-0.0182524187158262,3.6717282783607263,16
2018-03-30,,,,,,,0.011869436201780381,,,0.057777777777777706,,,,,,,,,0.011551155115511635,,,,,,,,,,,,,,,,,,,,,,,,,,,,,,,,,,,,,,,,,,,,,,,,,,,,,,,,0.0713028169014085,,,,,,,,,,,,,,,,,,,,,,,,,,,,,,0.0028776978417266452,,,,,,,,,,,,,,,,,,,,,,,,,,,,,,,,,,,,,,,,,0.09865005192107978,,2.099250936329588,,,,,,,,,,,,,,,,,,,,,,,,,,-0.008567931456548328,,,,,-0.0528771384136858,,,,,,,,,,,,,,,,,,,,,,,,,,,,,,,,,,,,,,,,,,,,,,,,,,,,,,,,,,,,,,,,,,,,,,,,,,,,,,,,,,,,,,,,,,,,,,,,,,,,-0.021321961620469176,-0.008695652173913104,,,,,,,,,,,,,,,,,,,,,,,,,,,,,0.055053410024650695,,,,,,,,,,,,,,,,,,,,,,,,,,,,,,,,,,,,,,0.12324393358876118,,,,0.10227272727272729,,,,,,,,,,,,,,,,,,,,,,,,,,,,,,,,-0.005797101449275366,,,,,,,,,,,,0.16910601052407467,4.292639599242738,17
2018-04-27,,,,,,,,,,,,,,,,,,,0.0,,,,,,,,,,,,,,0.009358288770053402,,0.047272727272727355,,,,,,,,,,,,,,,,,,,,,,,,,,,,,,,,,,,,,,,,-0.018077239112571974,,,,,,,,,-0.10526315789473684,,,,,,,,,,,,,,,,,,,,,0.035150645624103305,,,,,,,,,,,,,,,,,,-0.08128469468675648,,,,,,,,,,,,,,,,,,,,,,,0.042533081285444085,,,,,,,,,,,,,,,,,,,,,,,,,,,,-0.12345679012345678,,,,,,,,,,,,,,,,,,-0.11507293354943271,,,,,,,,,,,,,,,,,,,,,,,,,,,,,,,,,,,,,,,,,,,,,,,,,,,,,,,,,,,,,,,,,,,,,,,,,,,,,,,,,,,,,,,0.017429193899782147,0.13596491228070184,,,,,,,-0.16488222698072807,,,,,,,,,,,,,,,,,,,,,,,,,,,,,,,,,-0.183377308707124,,,,,,,,,,,,,-0.1502843216896832,,,,,,,,,,,,,,,,,,,,,,,,,,,,,,,,,,,,,,,,,,,,,,,,,,,,,,,,,,,,,,-0.04359932157411186,4.105483424953587,17
2018-05-31,,,,,,,,,,,,,,,,,,,-0.07830342577487759,,,,,,,,,,,,,,-0.03178807947019868,,,,,,,,,,,,,,,,,,,,,,,,,,,,,,,,,,,,,,,,,,-0.12970711297071125,,,,,,,,,0.0,,,,,,,,,,,,,,,,,,,,,-0.02079002079002068,,,,,,,,,,,,,,,,,,-0.04229607250755285,,,,,,,,,,,,,,,,,,,,,,,-0.11786038077969163,,,,,,,,,,,,,,,,,,,,,,,,,,,,0.28591549295774676,,,,,,,,,,,,,,,,,,-0.1135531135531136,,,,,,,,,,,,,,,,,,,,,,,,,,,,,,,,,,,,,,,,,,,,,,,,,,,,,,,,,,,,,,,,,,,,,,,,,,,,,,,,,,,,,,,-0.0021413276231262435,0.0791505791505791,,,,,,,0.23717948717948723,,,,,,,,,,,,,,,,,,,,,,,,,,,,,,,,,-0.050080775444265035,,,,,,,,,,,,,-0.002868068833652093,,,,,,,,,,,,,,,,,,,,,,,,,,,,,,,,,,,,,0.0021186440677967155,,,,,,,,,,,,,,,,,,,,,,,,,0.000998388373893344,4.109582291874273,17
2018-06-29,,,,,,,,,,,,,,,,,,,-0.017699115044247926,,,,,,,,,,,,,,-0.019151846785225635,,,,,,,,,,,,,,,,,,,,,,,,,,,,,,,,,,,,,,,,,,0.030769230769230882,,,,,,,,,-0.05147058823529416,,,,,,,,,,,,,,,,,,,,,0.0056617126680820196,,,,,,,,,,,,,,,,,,0.044614691302388376,,,,,,,,,,,,,,,,,,,,,,,0.0,,,,,,,,,,,,,,,,,,,,,,,,,,,,-0.08324205914567373,,,,,,,,,,,,,,,,,,0.24173553719008267,,,,,,,,,,,,,,,,,,,,,,,,,,,,,,,,,,,,,,,,,,,,,0.023004059539918797,,,,,,,,,,,,,,,,,,,,,,,,,,,,,,,,,,,,,,,,,,-0.047210300429184504,0.0017889087656528524,,,,,,,,,,,,,,,,,,,,,,,,,,,,,,,,,,,,,,,,-0.017006802721088343,,,,,,,,0.009210526315789558,,,,,-0.056567593480345124,,,,,,,,,,,,,,,,,,,,,,,,,,,,,,,,,,,,,,,,,,,,,,,,,,,,,,,,,,,,,,0.004295757380672382,4.127236060336072,17
2018-07-31,,0.0,,,,,,,,0.046132971506105847,,,,,,,,,0.00540540540540535,,,,,,,,,,,,,,-0.029288702928870314,,-0.008928571428571397,,,,,,,,,,,,,,,,,,,,,,,,,,,,,,,,,,,,,,,,-0.022388059701492602,,,,,,,,,,,,,,,,,,,,,,,,,,,,,,,,-0.04823747680890533,,,,,,,,,,,,,,,,0.04184641932700606,,,,,,,,,,,,,,,,,,,,,,,,,,,,,,,,,,,,,,,,,,,,,,,,,,,-0.07287933094384702,,,,,,,,,,,,,,,,,,,,,,,,,,,,,,,,,,,,,,,-0.012016718913270608,,,,,,,,,,,,,,,,,,,,,,,,-0.003968253968253843,,,,,,,,,,,,,,,,,,,,,,,,,,,,,,,,,,,,,,,,,,-0.05180180180180194,,,,,,,,,,,,,,,,,,,,,,,,,,,,,,,,,,,,,,,,,,,,,,,,,,,,,,-0.04369918699186992,,,,,,,,,,,,,,,,,,,,,0.050618672665916575,,,,,,,,,,,,,,,,0.08245243128964042,,,,,,,,,,,,,,,,,,,,,,,,,-0.004450146886187249,4.108869253633608,17
2018-08-31,,0.0332889480692411,,,,,,,,,,,,,,,,,0.057347670250896154,,,,,,,,,,,,,,0.11206896551724133,,0.0045045045045044585,,,,,,,,,,,,,,,,,,,,,,,,,,,,,,,,,,,,,,,,0.01526717557251911,,,,,,,,,,,,,,,,,,,,,,,,,,,,,,,,0.3469785575048734,,,,,,,,,,,,,,,,0.17101449275362324,,,,,,,,,,,,,,,,,,,,,,,,,,,,,,,,,,,,,,,,,,,,,,,,,,,0.038659793814433074,,,,,,,,,,,,,,,,,,,,,,,,,,,,,,,,,,,,,,,-0.02379693283976725,,,,,,,,,,,,,,,,,,,,,,,,0.22177954847277537,,,,,,,,,,,,,,,,,,,,,,,,,,,,,,,,,,,,,,,,,,0.04513064133016642,-0.046875,,,,,,,,,,,,,,,,,,,,,,,,,,,,,,,,,,,,,,,,,,,,,,,,-0.035820895522388096,,,,,0.20616365568544093,,,,,,,,,,,,,,,,,,,,,,,,,,,,,,,,,,,,,0.138671875,,,,,,,,,,,,,,,,,,,,,,,,,0.08562553334090395,4.460693374904027,17
2018-09-28,,0.20103092783505172,,,,,,,,0.03846153846153855,,,,,,,,,-0.011864406779661052,,,,,,,,,,,,,,0.04780361757105922,,0.12668161434977598,,,,,,,,,,,,,,,,,,,,,,,,,,,,,,,,,,,,,,,,-0.007518796992481258,,,,,,,,,,,,,,,,,,,,,,,,,,,,,,,,,,,,,,,,,,,,,,,,,,,,,,,,,,,,,,,,,,,,,,,,,,,,,,,,,,,,,,,,,,,,,,,,,,,0.09801488833746896,,,,,,,,,,,,,,,,,,,,,,,,,,,,,,,,,,,,,,,0.12188515709642478,,,,,,,,,,,,,,,,,,,,,,,,,,,,,,,,,,,,,,,,,,,,,,,,,,,,,,,,,,,,,,,,,,-0.045454545454545525,0.0286885245901638,,,,,,,,,,,,,,,,,,,,,,,,,,,,,,,,,,,0.022108843537415046,,,,,,,,,,,,,0.04179566563467496,,,,,0.005286343612334932,,,,,,,,,,,,,,,,,,,,,0.11635944700460832,,,,,,,,,,,,,,,,0.10806174957118353,,,,,,,,,,,,,,,,,,,,,,,,,0.05942270455833413,4.725759839446268,17
2018-10-31,,,,,,,0.44060773480662974,,,0.06790123456790131,,,,,,,,,-0.03602058319039447,,,,,,,,,,,,,,-0.13686806411837227,,,,,,,,,,,,,,,,,,,,,,0.9532595325953259,,,,,,,,,,,,,,,,,,,,0.007575757575757569,,,,,,,,,,,,,,,,,,,,,,,,,,,,,,,,,,,,,,,,,,,,,,,,,,,,,,,,,,,,,,,,,,,,,,,,,,,,,,,,,,,,,,,,,,,,,,,,,,,,,,,,0.0060975609756097615,,,,,,,,,,,,,,,,,,,,,,,,,,,,,,,,,0.10472279260780293,-0.184451955577016,,,,,,,,,,,,,,,,,,,,,,,,,,,,,,,,,,,,,,,,,,,,,,,,,,,,,,,,,,,,,,,,,,0.05714285714285716,0.007968127490039834,,,,,,,,,,,,,,,,,,,-0.019962570180910855,,,,,,,,,,-0.0041084634346755244,,,,,,,,,,,,,,,,,,,,,,,,-0.10078878177037687,,,,,,,,,,,,,,,,,,,,,0.06398348813209509,,,,,,,,,,,,,,,,,,,,,,,,,,,,,,,,,,,,,,,,,0.08180391117481824,5.112345477585855,17
2018-11-30,,,,,,,0.23585810162991372,,,0.05549132947976876,,,,,,,,,-0.007117437722419906,,,,,,,,,,,,,,0.15142857142857147,-0.026528258362168433,,,,,,,,,,,,,,,,,,,,,,,,,,,,,,,,,,,,,,,,,0.06390977443609014,,,,,,,,,,,,,,,,,,,,,,,,,,,,,,,,,,,,,,,,,,,,,,,,,,,,,,,,,,,,,,,,,,,,,,,,,,,,,,,,,,,,,,,,,,,,,,,,,,,0.014211886304909438,,,,,0.024242424242424176,,,,,,,,,,,,,,,,,,,,,,,,,,,,,,,,,,0.10953226761397272,,,,,,,,,,,,,,,,,,,,,,,,0.1984126984126986,,,,,,,,,,,,,,,,,,,,,,,,,,,,-0.012622720897615736,,,,,,,,,,,,,,-0.011261261261261368,-0.019762845849802257,,,,,,,,,,,,,,,,,,,,,,,,,,,,,0.03877887788778889,,,,,,,,,,,,,,,,,,,,,,,,,,,,,,,,,,,,,,,,,,,,,,,,,,,,,,,,,,,,,,,,,,,,,,,,,,0.023094688221708903,,,,,,,,,,,,0.05584453970430527,5.397842057591023,17
2018-12-28,,,,,,,,,,0.02300109529025174,,,,,,,,,-0.04659498207885304,,,,,,,,,,,,,,-0.06947890818858571,-0.05094786729857814,,,,,,,,,,,,,,,,,,,,,,,,,,,,,,,,,,,,,,,,,-0.06890459363957602,,,,,,,,,,,,,,,,,,,,,,,,,,,,,,,,,,,,,,,,,,,,,,,,,,,,,,,,,,,,,,,,,,,,,,,0.02131438721136769,,,,,,,-0.015706806282722696,,,,,,,,,,,,,,,,,,,,,0.042038216560509545,,,,,-0.0014792899408283544,,,,,,,,,,,,,,,,,,,,,,,,,,,,,,,,,-0.12825651302605223,,,,,,,,,,,,,,,,,,,,,,,,,,,,,,,,,,,,,,,,,,,,,,,,,,,,,-0.022727272727272707,,,,,,,,,,,,,,-0.04100227790432798,0.06451612903225823,,,,,,,,,,,,,,,,,,,,,,,,,,,,,-0.0563939634630658,,,,,,,,,,,,,,,,,,,,,,,,,,,,,,,,,,,,,,,,,,,,,,,,,,,,,,,,,,,,,,,,,,,,,,,,,,-0.03160270880361171,,,,,,,,,,,,-0.025481690350605813,5.260295917718012,17
2019-01-31,,,,,,-0.013584905660377289,0.3716058960434445,,,0.027837259100642386,,,,,,,,,0.005639097744360777,,,,,,,,,,,,,,0.04400000000000004,,,,,,,,,,,,,,,,,,,,,,,,,,,,,,,,,,,,,,,,,,-0.07495256166982911,,,,,,,,,,,,,,,,,,,,,,,,,,,,,,-0.003005259203606392,,,,,,,,,,,,,,,,,,,,,,,,,,,,,,,,,,,,,,,,,,,,,,,,,,,,,,,,,,,,,,,,,,,,,-0.018337408312958492,,,,,,,,,,,,,,,,,,,,,,,,,,,,,,,,,,,,,,0.029885057471264576,,,,,,,,,,,,,,,,,,,,,,,,,,,,,,,,,,,,,,,,,,,,,,,,,,,,,0.01744186046511631,,,,,,,,,,0.06709558823529393,,,,-0.03562945368171033,,,,,,,,,,,,,,,,,,,,-0.00488440247476396,,,,,,,,,,,,,,,,,,,,,-0.031473533619456484,,,,,,,,,,,,,,,,,,,,,,,,,,,,,,,,,,,,,,,,,,,,,,,,,,-0.08594815825375168,,,,,,,,,,,,,,,,,,,,,,,,,0.019712605078911254,5.363990053742196,17
2019-02-28,,,,,,0.009181331293037331,-0.04468325791855199,,,-0.0625,,,,,,,,,0.04299065420560755,,,,,,,,,,,,,,-0.0063856960408684715,,,,,,0.11210551106924149,,,,,,,,,,,,,,,,,,,,,,,,,,,,,,,,,,,,0.07179487179487176,,,,,,,,,,,,,,,,,,,,,,,,,,,,,,0.03240391861341374,,,,,,,,,,,,,,,,,,,,,,,,,,,,,,,,,,,,,,,,,,,,,,,,,,,,,,,,,,,,,,,,,,,,,0.05853051058530512,,,,,,,,,,,,,,,,,,,,,,,,,,,,,,,,,,,,,,0.0714285714285714,,,,,,,,,,,,,,,,,,,,,,,,,,,,,,,,,,,,,,,,,,,,,,,,,,,,,-0.02285714285714291,,,,,,,,,,,,,,0.019704433497536922,,,,,,,,,,,,,,,,,,,,0.07035340314136129,,,,,,,,,,,,,,,,,,,,,-0.056129985228951296,,,,,,,,,,,,,,,,,,,,,,,,,,,,,,,,,,,,,,,,,,,,,,,,,,0.023880597014925398,,,,,,,,,,,,,,,,,,,,,,,,,0.02132118137322382,5.478356658562202,17
2019-03-29,,,,,,0.0,-0.07637655417406752,,,0.014444444444444482,,,,,,,,,-0.03046594982078854,,,,,,,,,,,,,,0.032133676092544805,,,,,,,,,,,,,,,,,,,,,,,,,,,,,,,,,,,,,,,,,,0.0,,,,,,,,,,,,,,,,,,,,,,,,,,,,,,0.03722627737226292,,,,,,,,,,,,,,,,,,,,,,,,,,,,,,,,,,,,,,,,,,,,,,,,,,,,,,,,,,,,,,,,,,,,,0.128235294117647,,,,,,,,,,,,,,,,,,,,,,,,,,,,,,,,,,,,,,0.039583333333333526,,,,,,,,,,,,,,,,,,,,,,,,,,,,,0.2839090143218199,,,,,,,,,,,,,,,,,,,,,,,,0.15935672514619892,,,,,,,,,,,,,,0.026570048309178862,,,,,,,,,,,,,,,,,,,,-0.01864873127483946,,,,,,,,,,,,,,,,,,,,,0.032863849765258246,,,,,,,,,,,,,,,,,,,,,,,,,,,,,,,,,,,,,,,,,,,,,,,,,,0.04518950437317781,,,,,,,,,,,,,,,,,,,,,,,,,0.0449347288004114,5.724525129286622,17
2019-04-26,,,,,,,0.15705128205128216,,,-0.005476451259583848,,,,,,,,,0.031423290203327126,,,,,,,,,,,,,,0.12826899128268998,,,,,,,,,,,,,,,,,,,,,,,,,,,,,,,,,,,,,,,,,,0.024880382775119836,,,,,,,,,,,,,,,,,,,,,,,,,,,,,,-0.030260380014074717,,,,,,,,,,,,0.0030372057706911093,,,,,,,,,,,,,,,,,,,,,,,,,,,,,,,,,,,,,,,,,,,,-0.08126721763085398,,,,,,,,,,,,,-0.012513034410844504,,,,,,,,,,,,,,,,,,,,,,,,,,,,,,,,,,,,,,-0.05010020040080165,,,,,,,,,,,,,,,,,,,,,,,,,,,,,,,,,,,,,,,,,,,,,,,,,,,,,,,,0.10631895687061177,,,,,,,,,,,0.016470588235294237,,,,,,,,,,,,,,,,,,,,-0.006542056074766434,,,,,,,,,,,,,,,,,,,,,,,,,,,,,,,,,,,,,,,,,,,,,,,,,,,,,,,,,,,,,,,,,,,,,,,,,,,,,,,,,,,,0.01814516129032251,,0.06309751434034405,,,,,,,,,,0.02416893553525051,5.862880808106272,17
2019-05-31,,,,,,,-0.08310249307479223,,,-0.11784140969163004,,,,,,,,,0.0,,,,,,,,,,,,,,-0.0596026490066226,,,,,,,,,,,,,,,,,,,,,,0.662777129521587,,,,,,,,,,,,,,,,,,,,-0.08963585434173682,,,,,,,,,,,,,,,,,,,,,,,,,,,,,,-0.04063860667634245,,,,,,,,,,,,-0.08705526116578355,,,,,,,,,,,,,,,,,,,,,,,,,,,,,,,,,,,,,,,,,,,,,,,,,,,,,,,,,-0.03484688489968324,,,,,,,,,,,,,,,-0.05857740585774063,,,,,,,,,,,,,,,,,,,,,,,0.06751054852320659,,,,,,,,,,,,,,,,,,,,,,,,,,,,,,,,,,,,,,,,,,,,,,,,,,,,,,,,,,,,,,,,,,,0.006944444444444198,,,,,,,,,,,,,,,,,,,,-0.014738162433364677,,,,,,,,,,,,,,,,,,,,,0.044628099173553704,,,,,,,,,,,,,,,,,,,,,,,,,,,,,,,,,,,,,,,,,,,,,,,,,,,,,,,,,,,,,,,0.02970297029702973,,,,,,,,,,,,0.015034964320808331,5.951029011873302,17
2019-06-28,,,,,,,-0.009063444108761476,,,-0.028714107365792718,,,,,,,,,-0.03046594982078854,,,,,,,,,,,,,,0.12676056338028174,,,,,,,,,,,,,,,,,,,,,,,,,,,,,,,,,,,,,,,,,,0.08102564102564092,,,,,,,,,,,,,,,,,,,,,,,,,,,,,,-0.04009077155824514,,,,,,,,,,,,-0.08043117744610284,,,,,,,,,,,,,,,,,,,,,,,,,,,,,0.11699779249448117,,,,,,,,,,,,,,,,,,,,,,,,,,,,0.0,,,,,,,,,,,,,,,,,,,,,,,,,,,,,,,,,,,,,,0.025691699604743157,,,,,,,,,,,,,,,,,,,,,,,,,,,,,-0.039297658862876284,,,,,,,,,,,,,,,,,,,,,,,,,,,,,,,,,,,,,,-0.05287356321839065,,,,,,,,,,,,,,,,,,,,-0.045512412476129915,,,,,,,,,,,,,,,,,,,,,,,,,,,,,,,,,,,,,,,,,,,,,,,,,,,,,,,,,,,,,,,,,,,,,,,,,,,,,,,,,,,,-0.0038461538461539435,,-0.031512605042016695,,,,,,,,,,-0.0007554764826740815,5.94653314940712,17
2019-07-31,,,,,,0.07857733664185274,-0.043292682926829196,,,0.07583547557840609,,,,,,,,-0.08576051779935268,0.0,,,,,,,,,,,,,,0.04791666666666683,,,,,,,,,,,,,,,,,,,,,,,,,,,,,,,,,,,,,,,,,,-0.008538899430740043,,,,,,,,,,,,,,,,,,,,,,,,,,,,,,,,,,,,,,,,,,,,,,,,,,,,,,,,,,,,,,,,,,,,,,,,,,,,,,,,,,,,,,,,,,,,,,,,,,,0.017505470459518557,,,,,,,,,,,,,,,,,,0.014789533560864765,,,,,,,,,,,,,,,,,,,,,,,,,,,,,,,,,,,,,,,,,,,,,,,,,,,,,,,,,,,,,,,,,,,,,,,,,-0.043575418994413306,,,,,,,,,,,,,,0.0315533980582523,,,,,,,,,,,,,,,,,,,,0.02267422474158054,,,,,,,,,,,,,,,,,,,,,,,,,,,,,-0.09297052154195018,,,,,,,,,,,,,,,,,,,,,,,,,,0.0,,,,,,,,,,,,,,,,,,,,,,,,,,,,,,,,,,,,,,,,,0.0010510046438468867,5.952782983361937,16
2019-08-30,,,,,,0.0,-0.07393244104525176,,,0.08602150537634423,,,,,,,,-0.031858407079646156,0.33271719038817005,,,,,,,,,,,,,,,,,,,,,,,,,,,,,,,,,,,,-0.06916764361078531,,,,,,,,,,,,,,,,,,,,-0.10813397129186597,,,,,,,,,,,,,,,,,,,,,,,,,,,,,,,,,,,,,,,,,,,,,,,,,,,,,,,,,,,,,,,,,,,,,,,,,,,,,,,,,,,,,,,,,,,,,-0.05565862708719849,,,,,,0.03548387096774186,,,,,,,,,,,,,,,,,,0.030269058295964157,,,,,,,,,,,,,,,,,,,,,,,,,,,,,,,,,,,,,,,,,,,,,,,,,,,,,,,,,,,,,,,,,,,,,,,,,-0.03621495327102808,,,,,,,,,,,,,,-0.030588235294117583,,,,,,,,,,,,,,,,,,,,-0.01075970003260518,,,,,,,,,,,,,,,,,,,,,,,,,,,,,0.01750000000000007,,,,,,,,,,,,,,,,,,,,,,,,,,-0.047151277013752546,,,,,,,,,,,,,,,,,,,,,,,,,,,,,,,,,,,,,,,,,0.002568424620131286,5.968072257734701,17
2019-09-30,,,,,,0.005368098159509227,-0.012388162422574012,,,0.03960396039603964,,,,,,,,0.19744058500914075,-0.10124826629680994,,,,,,,,,,,,,,,,,,,,,,,,,,,,,,,,,,,,-0.005037783375314908,,,,,,,,,,,,,,,,,,,,0.10300429184549342,,,,,,,,,,,,,,,,,,,,,,,,,,,,,,,,,,,,,,,,,,,,,,,,,,,,,,,,,,,,,,,,,,,,,,,,,,,,,,,,,,,,,,,,,,,,,0.13555992141453843,,,,,,,,,,,,,,,,,,,,,,,,-0.02393906420021752,,,,,,,,,,,,,,,,,,,,,,,,,,,,,,,,,,,,,,,,,,,,,,,,,,,,,,,,,,,,,,,,,,,,,,,,,-0.037575757575757485,,,,,,,,,,,,,,0.03398058252427183,,,,,,,,,,,,,,,,,,,,-0.024390243902438935,,,,,,,,,,,,,,,,,,,,,,,,,,,,,-0.027027027027027084,,,,,,,,,,,,,,,,,,,,,,,,,,-0.019587628865979312,,,,,,,,,,,,,,,,,,,,,,,,,,,,,,,,,,,,,,,-0.11734693877551017,,0.009761104460490928,6.026327234470207,17
2019-10-31,,,,,,,-0.16724738675958195,,,-0.01904761904761898,,,,,,,,,-0.0771604938271605,,,,,,,,,,,,,,-0.04413347685683511,,,,,,,,,,,,,,,,,,,,,,0.1088607594936708,,,,,,,,,,,,,,,,,,,,0.08365758754863828,,,,,,,,,,,,,,,,,,,,,,,,,,,,,,-0.021946564885496178,,,,,,,,,,,,,,,,,,,,,,,,,,,,,,,,,,,,,,,,,,,,,,,,0.06739811912225702,,,,,,,,,,,,,,,,,,,,,,,,,,,,,,,,,,,,,,,,,,,,,,,,,,,,,,,,,,,0.03607214428857719,,,,,,,,,,,,,,,,,,,,,,,,,,,,,,,,,,,,,,,,,,,,,,,,,,,,,0.044080604534004975,,,,,,,,,,,,,,-0.016431924882629012,,,,,,,,,,,,,,,,,,,,0.0023648648648648685,,,,,,,,,,,,,0.18292682926829262,,,,,,,,,,,,,,,,,,,,,,,,,,,,,,,,,,,,,,,,,,,,,,,,,,,,,,,,,,,,,,,,,,,,,,,,,,,,,,,0.05753217259651766,,-0.1835260115606936,,0.0035599735931205394,6.0477808002884235,17
2019-11-29,,,,,,,-0.1439330543933054,,,-0.0442286947141316,,,,,,,,,0.08193979933110351,,,,,,,,,,,,,,-0.020270270270270396,,,,,,,,,,,,,,,,,,,,,,-0.044520547945205546,,,,,,,,,,,,,,,,,,,,0.0,,,,,,,,,,,,,,,,,,,,,,,,,,,,,,-0.02731707317073162,,,,,,,,,,,,,,,,,,,,,,,,,,,,,,,,,,,,,,,,,,,,,,,,,,,,,,,,,,,,,,,,,,,,,,,,,,,,,,,,,,,,,,,,,,,,,,,,,,,,,,,,,,,0.013539651837524147,,,,,,,,,,,,,,,,,,,,,,,,,,,,,,,,,,,,,,,,,,,,,,,,,,,,,-0.03739445114595885,,,,,,,,,,,,,,-0.02147971360381884,,,,,,,,,,,,,,,,,,,,-0.027300303336703857,,,,,,,,,,,,,0.14432989690721665,,,,,,,,,,,,,,,,,,,,,,,,,,,,,,,,,,,,,,,,,,0.14497716894977164,,,,,,,,,,,,,,,,,,,,,,,,,,,,,,,,,,,,,-0.15461703650680025,,-0.06902654867256652,,-0.013686745115591795,5.965006365959907,17
2019-12-31,,,,,,,0.03128054740957964,,,0.04176072234762995,,,,,,,,,0.021638330757341562,,,,,,,,,,,,,,0.1839080459770117,,,,,,,,,,,,,,,,,,,,,,0.6702508960573479,,,,,,,,,,,,,,,,,,,,0.017055655296229766,,,,,,,,,,,,,,,,,,,,,,,,,,,,,,-0.009027081243731194,,,,,,,,,,,,,,,,,,,,,,,,,,,,,,,,,,,,,,,,,,,,,,,,,,,,,,,,,,,,,,,,,,,,,,,,,,,,,,,,,,,,,,,,,,,,,,,,,,,,,,,,,,,-0.041984732824427606,,,,,,,,,,,,,,,,,,,,,,,0.052924791086351064,,,,,,,,,,,,,,,,,,,,,,,,,,,,,,0.006265664160400863,,,,,,,,,,,,,,-0.007317073170731603,,,,,,,,,,,,,,,,,,,,0.10256410256410264,,,,,,,,,,,,,-0.04504504504504503,,,,,,,,,,,,,,,,,,,,,,,,,,,,,,,,,,,,,,,,,,,,,,,,,,,,,,,,,,,,,,,,,,,,,,,,,,,,,,,0.2980524978831498,,-0.2737642585551331,,0.06990420418000509,6.381985388900998,17
2020-01-31,,,,,,,-0.03033175355450235,,,-0.030335861321776902,,,,,,,,,-0.02874432677760974,,,,,,,,,,,,,,,,,,,,,,,,,,,,,,,,,,,,,,,,,,,,,,,,,,,,,,,,,,,,,,,,,,,,,,,,,,,,,,,,,,,,,,-0.05060728744939269,,,,,,,,,,,,,,,,,,0.125,,,,,,,,,,,,,,,,,,,,,,,,,,,,,,,0.0979532163742689,,,,,,,,,,,,,,,,,,,,,,,,,-0.04329004329004327,,,,,,,,,,,,,,,,,,,,,,,,,,,,,,,,,0.3227091633466137,,,,,,,,,,,,,,,,,,,,,,,-0.11375661375661372,,,,,,,,,,,,,,,,,,,,,,,,,,,,,,0.0,,,,,,,,,,,,,,-0.03685503685503699,,,,,,,,,,,,,,,,,,,,,,,,,,,,,,,,,0.22169811320754707,,,-0.06857142857142862,,,,,,,,,,,,,,,,,,,,,,,,,,,,,,,,,,,,,,,,,,,,,,,,,,,,,,,,,,,,,,,-0.05549949545913224,,,,,,,,,,,,,,,-0.028795811518324554,,0.01870485562497124,6.501359504201067,17
2020-02-28,,,,,,,-0.11534701857282503,,,0.025698324022346508,,,,,,,,,-0.1199376947040498,,,,,,,,,,,,,,,,,,,,,,,,,,,,,,,,,,,,,,,,,,,,,,,,,,,,,,,,-0.02818270165208936,,,,,,,,,,,,,,,,,,,,,,,,,,,,,,0.0,,,,,,,,,,,,,,,,,,,,,,,,,,,,,,,,,,,,,,,,,,,,,,,,,,,,,,,,,,,,,,,,,,,,,,,,,,-0.05128205128205121,,,,,,,,,,,,,,,,,,,,,,,,,,,,,,,,,0.3343373493975903,,,,,,,,,,,,,,,,,,,,,,,0.25373134328358216,,,,,,0.23659003831417635,,,,,,,,,,,,,,,,,,,,,,,,0.007471980074719831,,,,,,,,,,,,,,-0.022959183673469385,,,,,,,,,,,,,,,,,,,,,,,,,,,,,,,,,0.2664092664092663,,,-0.018404907975460016,,,,,,,,,,,,,,,,,,,,,,,,,,,,,,,,,,,,,,,,,,,,,,,,,,,,,,,,,,,,,,,-0.050213675213675146,,,,,,,,,,,,,,,0.0539083557951483,,0.05145462828154732,6.835884540814438,17
2020-03-31,,,,,,,-0.12154696132596687,,,-0.015250544662309462,,,,,,,,,-0.20176991150442491,,,,,,,,,,,,,,,,,,,,,,,,,,,,,,,,,,,,,,,,,,,,,,,,,,,,,,,,,,,,,,,,,,,,,,,,,,,,,,,,,,,,,,-0.24093816631130072,,,,,,,,,,,,,,,,,,,,,,,,,,,,,,,,,,,,,,,,,,,,,,,,,-0.40726577437858513,,,,,,,,,-0.3907074973600846,,,,,,,,,,,,,,,,-0.025437201907790197,,,,,,,,,,,,,,,,,,,,,,,,,,,,,,,,,,,,,,,,,,,,,,,,,,,,,,,,-0.11428571428571432,,,,,,,,,,,,,,,,,,,,,,,,,,,,,,-0.17181705809641534,,,,,,,,,,,,,,-0.1279373368146215,,,,,,,,,,,,,,,,,,,,,,,,,,,,,,,,,-0.22865853658536583,,,-0.012499999999999956,,,,,,,,,,,,,,,,,,,,,,,,,,,,,,,,,,,,,,,,,,,,,,,,,,,,,,,,,,,,,,,-0.16760404949381325,,,,,,,,,,,,,-0.24048582995951406,,-0.1457800511508952,,-0.17413230892245343,5.645536182195114,17
2020-04-29,,,,,,,,,,,,,,,,,,,0.08203991130820398,,,,,,,,,,,,,,,,,,,,,,,,,,,,,,,,0.15168539325842678,,,,,,,,,,,,,,,,,,,,,,,,,,,,,,,,,,,,,,,,,,,,,,,,,,,,,,0.273876404494382,,,,,,,,,,,,,,,,,,0.22492625368731556,,,,,,,,,,,,,,,,,,,,,,,,,,,,,,0.697459584295612,0.6580645161290322,,,,,,,,,,,,,,,,,,,,,,,,,,,,,,,,,,,,,,,,,,,,,,,,,,,,,,,,,,0.2599681020733653,,,,,,,,,,,,,,,,,,,,,,,,,0.3170731707317074,,,,,,,,,,,,,,,,,,,,,,,,,,,,0.15820895522388057,,,-0.021077283372365363,,,,,,,,,,,0.1317365269461077,,,,,,,,,,,,,,,,,,,,,,,,,,,,,,,,,0.6600790513833994,,,,,,,,,,,,,,,,,,,,,,,,,,,,,,,,,,,,,,,,,,,,,,,,,,,,,,,,0.11666666666666647,,,,,,,,,,,,,,,,,,,,,,,0.023454157782515805,,0.04491017964071875,,0.2519381060165979,7.0678618753855265,17
2020-05-29,,,,,,,,,,,,,,,,,,,0.018442622950819665,,,,,,,,,,,,,,,,,,,,,,,,,,,,,,,,-0.4048780487804877,,,,,,,,,,,,,,,,,,,,,,,,,,,,,,,,,,,,,,,,,,,,,,,,,,,,,,0.13009922822491737,,,,,,,,,,,,,,,,,,,,,,,,,,,,,,,,,,,,,,,,,,,,,,,,,-0.05642023346303504,,,,,,,,,,,,,,,,,,,,,,,,,,,,,,,,,,,,,,,,,,,,,,,,,,,,,,,,,,0.04683544303797449,,,,,,,,,,,,,,,,,,,,,,,,,0.08230452674897104,,,,0.02083333333333348,,,,,,,,,,,,,,,,,,,,,,,,0.0670103092783505,,,0.2272727272727273,,,,,,,,,,,,,,,,,,,,,,,,,,,,,,,,,,,,,,,,,,,,-0.40476190476190477,,,,,,,,,,,,,,,,,,,,,,,,,,,,,,,,,,,,,,,,,,0.4877505567928728,,,,,,,,,,,,,,0.1492537313432838,,,,,,,,,,,,,,,,,,,,,,,0.0,,0.3438395415472779,,0.0505415595375072,7.425082637163201,16
2020-06-30,,,,,,,,,,,,,,,,,,,0.0,,,,,,,,,,,,,,,,,,,,,,,,,,,,,,,,0.1721311475409837,,,,,,,,,0.12099921935987501,,,,,,,,,,,,,,,,,,,,,,,,,,,,,,,,,,,,,,,,,,,,,-0.07317073170731703,,,,,,,,,,,,,,,,,,,,,,,,,,,,,,,,,,,,,,,,,,,,,,,,,-0.08659793814432992,,,,,,,,,,,,,,,,,,,,,,,,,,,,,,,,,,,,,,,,,,,,,,,,,,,,,,,,,,-0.0713422007255139,,,,,,,,,,,,,,,,,,,,,,,,,0.2946768060836502,,,,-0.010741138560687369,,,,,,,,,,,,,,,,,,,,,,,,-0.009661835748792313,,,-0.13157894736842102,,,,,,,,,,,0.07932011331444766,,,,,,,,,,,,,,,,,,,,,,,,,,,,,,,,,0.12400000000000011,,,,,,,,,,,,,,,,,,,,,,,,,,,,,,,,,,,,,,,,,,,,,,,,,,,,,,,,0.04761904761904767,,,,,,,,,,,,,,,,,,,,,,,-0.08333333333333326,,-0.11727078891258014,,0.017003294627801962,7.551333504878664,17
2020-07-31,,,,,,-0.12489082969432308,,,,,,,,,,,,,-0.0804828973843057,,,,,,,,,,,,,,,,,,,,,,,,,,,,,,,,,,,,,,,,,,,,,,,,,,,,,,,,0.0,,,,,,,,,,,,,,,,,,,,,,,,,,,,,,,,,,,,,,,,,,,,,,,,,,,,,,,,,,,,,,,,,,,,,,,,,,,,,,,,,,,,,,,,,,,,,,,,,,,-0.022891566265060392,,,,,,,,,,,,,,,,,,,,,,,,,,,,,,,,,,,,,,,,,,,,,,,,,,,,,,,,,,,,,-0.05128205128205121,,0.0190895741556536,,,,0.051031487513572005,,,,,,,,,,,,,,,,,,,,,,,,-0.0841463414634146,,,,,,,,,,0.0027114967462038564,,,,0.005249343832020914,,,,,,,,,,,0.03139013452914785,,,,,,,,,,,,,,,,,,,,,,0.017793594306049654,,,,,,,,,,,,,,,,,,,,,,,,,,,,,,,,,,,,,,,,,,0.11032863849765273,,,,,,,,,,,,,,,,,,,,,,,,,,,,,,,,,,,,,0.015909090909090873,,-0.02415458937198056,,-0.008956327664782937,7.4837012877029165,17
2020-08-31,,,,,,0.25249500998004004,,,,0.22169811320754707,,,,,,,,,0.16849015317286642,,,,,,,,,,,,,,,,,,,,,,,,,,,,,,,,,,,,0.1157112526539279,,,,,,,,,,,,,,,,,,,,0.4333333333333331,,,,,,,,,,,,,,,,,,,,,,,,,,,,,,0.23205741626794274,,,,,,,,,,,,,,,,,,,,,,,,,,,,,,,,,,,,,,,,,,,,,,,,,,,,,,,,,,,,,,,,,,,,,0.023427866831073008,,,,,,,,,,,,,,,,,,,,,,,,,,,,,,,,,,,,,,,,,,,,,,,,,,,,,,,,,,,,,0.2999999999999998,,,,,,-0.09710743801652888,,,,,,,,,,,,,,,,,,,,,,,,0.4647137150466045,,,,,,,,,,0.1108707409410492,,,,0.01305483028720622,,,,,,,,,,,,,,,,,,,,,,,,,,,,,,,,,0.03146853146853168,,,,,,,,,,,,,,,,,,,,,,,,,,,,,,,,,,,,,,,,,,,,,,,,,,,,,,,,,,,,,,,,,,,,,,,,,,,,,,,0.003355704697986628,,0.03712871287128716,,0.1540465295161911,8.6365394990094,17
2020-09-30,,,,,,0.012749003984063645,,,,,,,,,,,,,0.041198501872659055,,,,,,,,,,,,,,-0.045454545454545414,,,,,,,,,,,,,,,,,,,,,,-0.021883920076118057,,,,,,,,,,,,,,,,,,,,,,,,,,,,,,,,,,,,,,,,,,,,,,,,,,-0.009708737864077777,,,,,,,,,,,,,,,,,,,,,,,,,,,,,,,,,,,,,,,,,,,,,,,,,,,,,,,,,,,,,,,,,,,,,0.04337349397590362,,,,,,,,,,,,,,,,,,,,,,,,,,,,,,,,,,,,,,,,,,,,,,,,,,,,,,,,,,,,,0.0706860706860708,,,,,,-0.0389016018306636,,,,,,,,,,,,,,,,,,,,,,,,0.1272727272727272,,,,,,,,,,-0.031158714703018564,,,,0.023195876288659933,,,,,,,,,,,,,,,,0.0,,,,,,,,,,,,,,,,,0.18644067796610164,,,,,,,,,,,,,,,,,,,,,,,,,,,,,,,,,,,,,,,,,,,,,,,,,,,,,,,,,,,,,,,,,,,,,,,,,,,,,,,-0.015607580824972156,,0.028639618138424527,,0.024722724628747656,8.85005828678871,17
2020-10-30,,,,,,0.0055074744295828815,,,,,,,,,,,,,-0.028776978417266008,,,,,,,,,,,,,,-0.01904761904761898,,,,,,,,,,,,,,,,,,,,,,,,,,,,,,,,,,,,,,,,,,,,,,,,,,,,,,,,,,,,,,,,,,,,-0.03947368421052633,,,,,,,,,,,,,,,,,,,,,,,,,,,,,,,,,,,,,,,,,,,,,,,,,,,,,,,,,,,,,,-0.02658227848101269,,,,,,,,,,,,,,,,,,,,,,,,,,,,,,,,,,,,,,,,,,,,,,,,,,,,,,,,,,,,,,,,,,,,,,,,,,,,,,-0.010714285714285676,,,,,,,,,,,,,,,,,,,,,,,,0.24193548387096775,,,-0.045454545454545525,,,,,,,0.20603015075376896,,,,0.010075566750629594,,,,,,,,,,,,,,,,,,,,,,,,,,,,,,,,,-0.05428571428571427,,,,,,,,,,,,,,,,,,,,,,,,,,,,,,,,,,,,,,,,,,-0.02149321266968318,,,,,,,,,,,,,,,,,,,,,,,,,,,,,,,,,,,,,0.05662514156285381,,0.02088167053364276,,0.021087654972913792,9.036685262430687,16
2020-11-30,,,,,,,,,,,,,,,,,,,0.03703703703703698,,,,,,,,,,,,,,0.058252427184465994,,,,,,,,,,,,,,,,,,,,,,0.23315508021390374,,,,,,,,,,,,,,,,,,,,,,,,,,,,,,,,,,,,,,,,,,,,,,-0.041095890410958846,,0.10634920634920642,,,,,,,,,,,,,,,,,,,,,,,,,,,,,,,,,,,,,,,,,,,,,,,,,,,,,,,,,,,,0.12223667100130053,,,,,,,,,,,,,,,,,,,,,,,,,,,,,,,,,,,,,,,,,,,,,,,,,,,,,,,,,,,,,,,,,,,,,,,,0.23333333333333317,,,,,,0.028880866425992746,,,,,,,,,,,,,,,,,,,,,,,,,,,0.14285714285714302,,,,,,,0.1479166666666667,,,,0.03990024937655856,,,,,,,,,,,,,,,,,,,,,,,,,,,,,,,,,-0.024169184290030232,,,,,,,,,,,,,,,,,,,,,,,,,,,,,,,,,,,,,,,,,,0.22543352601156053,,,,,,,,,,,,,,,,,,,,,,,,,,,,,,,,,,,,,0.003215434083601254,,0.11363636363636354,,0.09512926196507628,9.8963384620564,17
2020-12-31,,,,,,,,,,0.05809128630705396,,,,,,,,,0.1339285714285714,,,,,,,,,,,,,,0.08256880733944949,,,,,,,,,,,,,,,,,,,,,,-0.044232437120555024,,,,,,,,,,,,,,,,,,,,0.06234618539786707,,,,,,,,,,,,,,,,,,,,,,,,,,0.05714285714285716,,0.33285509325681484,,,,,,,,,,,,,,,,,,,,,,,,,,,,,,,,,,,,,,,,,,,,,,,,,,,,,,,,,,,,0.1390498261877171,,,,,,,,,,,,,,,,,,,,,,,,,,,,,,,,,,,,,,,,,,,,,,,,,,,,,,,,,,,,,,,,,,,,,,,,,,,,,,0.1286549707602338,,,,,,,,,,,,,,,,,,,,,,,,,,,0.14814814814814814,,,,,,,,,,,0.052757793764987904,,,,,,,,,,,,,,,,0.08374384236453203,,,,,,,,,,,,,,,,,0.08359133126934992,,,,,,,,,,,,,,,,,,,,,,,,,,,,,,,,,,,,,,,,,,,,,,,,,,,,,,,,,,,,,,,,,,,,,,,,,,,,,,,0.22329059829059839,,0.42448979591836733,,0.13109511136373292,11.193700054832878,17
2021-01-29,,,,,,,,,,-0.02352941176470591,,,,,,,,,0.09291338582677167,,,,,,,,,,,,,,-0.008474576271186529,,,,,,,,,,,,,,,,,,,,,,0.5698729582577133,,,,,,,,,,,,,,,,,,,,0.0038610038610038533,,,,,,,,,,,,,,,,,,,,,,,,,,,,,,0.015625,,,,,,,,,,,,,,,,,,,,,,,,,,,,,,,,,,,,,,,,,,,,,,,,,,,,,,,,,,,,,,,,,,,,,0.13490364025695922,,,,,,,,,,,,,,,,,,,,,,,,,,,,,,,,,,,,,,,,,,,,,,,,,,,,,,,,,,,,,-0.036363636363636376,,,,,,-0.06735751295336789,,,,,,,,,,,,,,,,,,,,,,,,,,,,,,,,,,,,,,0.04783599088838275,,,,,,,,,,,,,,,,0.009090909090909038,,,,,,,,,,,,,,,,,0.18285714285714283,,,0.1618705035971224,,,,,,,,,,,,,,,,,,,,,,,,,,,,,,,,,,,,,,,,,,,,,,,,,,,,,,,,,,,,,,,,,,,,,,,,,,,,0.1353711790393013,,-0.07736389684813749,,0.07607417863161814,12.045251592352988,17
2021-02-17,,,,,,,,,,0.028112449799196915,,,,,,,,,0.02881844380403442,,,,,,,0.06451612903225801,,,,,,,0.025641025641025772,,,,,,,,,,,,,,,,,,,,,,,,,,,,,,,,,,,,,,,,,,0.04615384615384621,,,,,,,,,,,,,,,,,,,,,,,,,,,,,,0.030769230769230882,,,,,,,,,,,,,,,,,,,,,,,,,,,,,,,,,,,,,,,,,,,,,,,,,,,,,,,,,,,,,,,,,,,,,,,,,,,,,,,,,,,,,,,,,,,,,,,,,,,,,,,,,,,,,,,,,,,,,,,,,,,,,,,,,,0.11132075471698122,,,,,,0.0,,,,,,,,,,,,,,,,,,,,,,,,,,,0.057377049180328044,,,,,,,,,,,0.021739130434782705,,,,,,,,,,,,,,,,0.027027027027027195,,,,,,,,,,,,,,,,,-0.03623188405797084,,,0.06811145510835925,,,,,,,,,,,,,,,,,,,,,,,,,,,,,,,,,,,,,,,,,,,,,,,,,,,,,,,,,,,,,,,,,,,,,,,,,,,,-0.07692307692307687,,-0.045031055900621175,,0.023426701652360115,12.327432107734658,17
